{
  "config": {
    "run_name": "exp1_2",
    "out_dir": "./results",
    "seed": 847860898,
    "device": null,
    "bs_train": 128,
    "bs_test": 32,
    "batches": 100,
    "epochs": 100,
    "early_stopping": 10,
    "checkpoints": null,
    "lr": 0.001,
    "reg": 0.001,
    "filters_per_layer": [
      64
    ],
    "pool_every": 3,
    "hidden_dims": [
      500,
      500
    ],
    "model_type": "cnn",
    "activation_type": "relu",
    "activation_params": {},
    "pooling_type": "max",
    "pooling_params": {
      "kernel_size": 2
    },
    "batchnorm": true,
    "bottleneck": false,
    "dropout": 0.1,
    "kw": {},
    "layers_per_block": 4
  },
  "results": {
    "num_epochs": 0,
    "train_loss": [
      1.5356498417037223,
      1.0099196476704628,
      0.7590807066549121,
      0.5801124421074567,
      0.44657998286244815,
      0.3275077648060706,
      0.22600847894273451,
      0.15361861187173886,
      0.10347627165972653,
      0.0885160387043491,
      0.07345844668757809,
      0.0621226892396903,
      0.05468185209071316,
      0.05313930468862433,
      0.04613494886266415,
      0.040213316611116726,
      0.038669472930076366,
      0.038460849063194656,
      0.030333496083545942,
      0.03487070390279941,
      0.041282098017432885,
      0.031530465287587524,
      0.02928113262198837,
      0.029843521181314163,
      0.030676511263035958
    ],
    "train_acc": [
      43.678,
      64.12,
      73.106,
      79.412,
      84.124,
      88.478,
      92.08,
      94.628,
      96.438,
      97.018,
      97.508,
      97.946,
      98.196,
      98.278,
      98.468,
      98.694,
      98.722,
      98.742,
      99.02,
      98.88,
      98.696,
      99.002,
      99.078,
      99.106,
      98.972
    ],
    "test_loss": [
      1.1713947792784474,
      0.9465451067248092,
      0.9374449067412854,
      1.0490180559622975,
      1.1576848772291939,
      1.467118912992386,
      1.5873889151377418,
      1.5957247428238963,
      1.9313769111998926,
      2.0175939508901237,
      2.13217851376762,
      2.1701514065836944,
      2.102823929855237,
      2.112429002984263,
      2.1437599898908086,
      2.2007091339118183,
      2.453089799839087,
      2.5270601153945007,
      2.6264536957771254,
      2.407185679236159,
      2.6149023677975225,
      2.547081567513676,
      2.881825134015312,
      2.7151942442590817,
      2.646485906820328
    ],
    "test_acc": [
      57.64,
      66.5,
      68.28,
      68.41,
      68.38,
      65.67,
      67.33,
      68.35,
      68.05,
      67.7,
      67.57,
      68.35,
      68.46,
      69.28,
      69.47,
      68.74,
      68.34,
      67.97,
      69.11,
      68.78,
      68.29,
      69.01,
      67.43,
      68.71,
      68.95
    ]
  }
}