{
  "config": {
    "run_name": "exp1_3",
    "out_dir": "./results",
    "seed": 225323461,
    "device": null,
    "bs_train": 128,
    "bs_test": 32,
    "batches": 100,
    "epochs": 100,
    "early_stopping": 10,
    "checkpoints": null,
    "lr": 0.001,
    "reg": 0.001,
    "filters_per_layer": [
      64,
      128
    ],
    "pool_every": 3,
    "hidden_dims": [
      500,
      500
    ],
    "model_type": "cnn",
    "activation_type": "relu",
    "activation_params": {},
    "pooling_type": "max",
    "pooling_params": {
      "kernel_size": 2
    },
    "batchnorm": true,
    "bottleneck": false,
    "dropout": 0.1,
    "kw": {},
    "layers_per_block": 4
  },
  "results": {
    "num_epochs": 0,
    "train_loss": [
      1.7660634447546566,
      1.2635306022356234,
      0.9936688068272818,
      0.7986727690757693,
      0.6696414628144726,
      0.568625414615397,
      0.47440017222443503,
      0.40679191091024053,
      0.34407144685840363,
      0.2772329562555646,
      0.23951750389679008,
      0.21073284133544665,
      0.16713189788143654,
      0.1296029702743606,
      0.11842100551623441
    ],
    "train_acc": [
      34.162,
      53.91,
      64.482,
      71.676,
      76.49,
      80.02,
      83.222,
      85.662,
      87.9,
      90.21,
      91.384,
      92.712,
      94.216,
      95.52,
      96.028
    ],
    "test_loss": [
      1.3778263141933722,
      1.1441775712723168,
      1.0193054997882904,
      0.9450153065756106,
      0.8967816950128482,
      0.9969690121210422,
      1.032684411008518,
      1.1841612065942904,
      1.336090513216421,
      1.46972735154743,
      1.4533602175906823,
      1.5339312554357913,
      1.6702470285252642,
      1.749264804414286,
      1.7830745570194988
    ],
    "test_acc": [
      49.86,
      59.54,
      65.46,
      68.28,
      70.56,
      69.21,
      68.88,
      69.03,
      69.38,
      68.77,
      68.94,
      68.73,
      69.96,
      70.3,
      70.12
    ]
  }
}