{
  "config": {
    "run_name": "exp1_2",
    "out_dir": "./results",
    "seed": 1172164711,
    "device": null,
    "bs_train": 128,
    "bs_test": 32,
    "batches": 100,
    "epochs": 100,
    "early_stopping": 10,
    "checkpoints": null,
    "lr": 0.001,
    "reg": 0.001,
    "filters_per_layer": [
      32
    ],
    "pool_every": 3,
    "hidden_dims": [
      500,
      500
    ],
    "model_type": "cnn",
    "activation_type": "relu",
    "activation_params": {},
    "pooling_type": "max",
    "pooling_params": {
      "kernel_size": 2
    },
    "batchnorm": true,
    "bottleneck": false,
    "dropout": 0.1,
    "kw": {},
    "layers_per_block": 8
  },
  "results": {
    "num_epochs": 0,
    "train_loss": [
      1.7896164189214292,
      1.325222041753247,
      1.1081268802628188,
      0.9422875251001714,
      0.8089879525591955,
      0.7014769734933858,
      0.6090921340391154,
      0.5235171584826906,
      0.4558901816530301,
      0.40554291101367884,
      0.34833821684808075,
      0.2740769745863002,
      0.21549740642347298,
      0.18576087414875359,
      0.1560129757560885,
      0.1426644768241955
    ],
    "train_acc": [
      34.386,
      52.012,
      60.314,
      66.622,
      71.576,
      75.332,
      78.508,
      81.412,
      83.972,
      85.854,
      87.784,
      90.52,
      92.55,
      93.67,
      94.618,
      95.21
    ],
    "test_loss": [
      1.4691168027944839,
      1.2533163887243302,
      1.2833102086481576,
      1.0752979065663517,
      1.1466344926303949,
      1.175788577562704,
      1.3943424051562057,
      1.5482320553197648,
      1.8626797086895464,
      1.7806684426225412,
      1.8419242304163619,
      2.1995526536965904,
      2.2170220313552087,
      2.4756224288727147,
      2.57642102108215,
      2.6080065213453274
    ],
    "test_acc": [
      46.68,
      55.61,
      56.28,
      62.93,
      61.85,
      63.05,
      59.74,
      59.71,
      60.11,
      60.93,
      61.62,
      61.08,
      61.27,
      58.83,
      59.92,
      60.17
    ]
  }
}