{
  "config": {
    "run_name": "exp1_2",
    "out_dir": "./results",
    "seed": 1980641823,
    "device": null,
    "bs_train": 128,
    "bs_test": 32,
    "batches": 100,
    "epochs": 100,
    "early_stopping": 10,
    "checkpoints": null,
    "lr": 0.001,
    "reg": 0.001,
    "filters_per_layer": [
      128
    ],
    "pool_every": 3,
    "hidden_dims": [
      500,
      500
    ],
    "model_type": "cnn",
    "activation_type": "relu",
    "activation_params": {},
    "pooling_type": "max",
    "pooling_params": {
      "kernel_size": 2
    },
    "batchnorm": true,
    "bottleneck": false,
    "dropout": 0.1,
    "kw": {},
    "layers_per_block": 4
  },
  "results": {
    "num_epochs": 0,
    "train_loss": [
      1.5436193286000615,
      0.9804390723747975,
      0.698988499848739,
      0.5129722423870545,
      0.3754479665204387,
      0.24523150652189693,
      0.18441481079401262,
      0.14290203123598758,
      0.08959563481418983,
      0.06357292491404334,
      0.05587981820768674,
      0.048743913412246556,
      0.04657673623735595,
      0.0469466990039772,
      0.04243655383492798,
      0.03666798157579935,
      0.040799332207695244,
      0.03137192484664271,
      0.03354825831361977,
      0.03188033404050257,
      0.031114143027943058,
      0.03464967888810307,
      0.03181191882126919,
      0.02489318612003056,
      0.024195277348623426,
      0.02624769008803584,
      0.028649203451600432,
      0.023837502837864993,
      0.027250247121633143,
      0.02249029951611929,
      0.022200454746910712
    ],
    "train_acc": [
      43.376,
      65.19,
      75.532,
      81.95,
      86.862,
      91.382,
      93.686,
      95.146,
      96.994,
      97.918,
      98.126,
      98.404,
      98.416,
      98.508,
      98.542,
      98.77,
      98.758,
      98.95,
      98.938,
      99.02,
      99.008,
      98.836,
      98.966,
      99.21,
      99.198,
      99.19,
      99.16,
      99.294,
      99.162,
      99.332,
      99.32
    ],
    "test_loss": [
      1.149302151256476,
      0.9335476955095419,
      0.9424668191530453,
      1.057603181551059,
      1.2847395365992293,
      1.3547278373195721,
      1.5283706583344518,
      1.7461245661726394,
      1.8025251013783221,
      1.9861963726461125,
      2.0558792371719408,
      2.117357464834524,
      2.317448951946661,
      2.2412255582527614,
      2.100448886236063,
      2.298616521179486,
      2.1406305771285354,
      2.1410774615245125,
      2.374322802399675,
      2.320652843092958,
      2.1851235746908872,
      2.4175795739451154,
      2.490510093137479,
      2.4165109637827156,
      2.6388462776193222,
      2.5806809480007464,
      2.45389242265552,
      2.562325402856254,
      2.5505433741468972,
      2.3489799485229454,
      2.486212995772164
    ],
    "test_acc": [
      59.12,
      67.65,
      69.66,
      69.38,
      68.71,
      68.64,
      67.64,
      66.31,
      68.76,
      69.03,
      69.78,
      69.22,
      67.8,
      68.54,
      69.21,
      69.27,
      68.64,
      68.68,
      68.9,
      69.46,
      70.52,
      68.8,
      68.02,
      69.53,
      69.41,
      69.09,
      68.25,
      68.68,
      67.76,
      69.07,
      69.32
    ]
  }
}