{
  "config": {
    "run_name": "exp1_1",
    "out_dir": "./results",
    "seed": 524124923,
    "device": null,
    "bs_train": 128,
    "bs_test": 32,
    "batches": 100,
    "epochs": 100,
    "early_stopping": 10,
    "checkpoints": null,
    "lr": 0.001,
    "reg": 0.001,
    "filters_per_layer": [
      32
    ],
    "pool_every": 3,
    "hidden_dims": [
      500,
      500
    ],
    "model_type": "cnn",
    "activation_type": "relu",
    "activation_params": {},
    "pooling_type": "max",
    "pooling_params": {
      "kernel_size": 2
    },
    "batchnorm": true,
    "bottleneck": false,
    "dropout": 0.1,
    "kw": {},
    "layers_per_block": 16
  },
  "results": {
    "num_epochs": 0,
    "train_loss": [
      2.3032899640710154,
      2.3030419306986776,
      2.1089163320448696,
      1.9003086803514329,
      1.83221954153017,
      1.793971465676642,
      1.7661169855795857,
      1.6598466720117633,
      1.5489372969283473,
      1.4707083567938841,
      1.4138206767913934,
      1.3570891295552558,
      1.3199522525758085,
      1.2867279110662162,
      1.2543067011381963,
      1.2268168993313293,
      1.195133838354779,
      1.1590594650839297,
      1.1438935844184797,
      1.1053364401888055,
      1.0759267159130261,
      1.0464258773247603,
      1.0229319585558703,
      1.0064940265072582,
      0.9781198550368209,
      0.9611058518709734,
      0.9449248039509024,
      0.931154880987104,
      0.9149559248438881,
      0.904739564337084,
      0.8938437823749259,
      0.871798922338754,
      0.8697468902143981,
      0.866487766318309,
      0.8410349445574729,
      0.831280983165097,
      0.8238177688225455,
      0.8203401379573071,
      0.8066629189664446,
      0.7980849268796194,
      0.7898968449029167,
      0.7823079952498531,
      0.7717958835079847,
      0.7578583938996201,
      0.7424764741412209,
      0.7455010842484282,
      0.7397713421860619,
      0.7219210312037212,
      0.7194125685088165,
      0.71049700986089,
      0.6952509634635028,
      0.6959749084451924,
      0.6948126471408492,
      0.6777923986734942,
      0.679526143519165,
      0.6739507123942265,
      0.6646490714434162,
      0.6516695517255827,
      0.6583874913127831,
      0.6442974590127121,
      0.6447438013828014,
      0.6368628434665368,
      0.6332088343017851
    ],
    "train_acc": [
      9.956,
      9.894,
      17.754,
      25.068,
      28.132,
      30.57,
      32.222,
      35.926,
      40.888,
      44.684,
      47.38,
      49.66,
      51.288,
      52.998,
      54.12,
      55.594,
      57.042,
      58.288,
      58.962,
      60.524,
      61.576,
      62.672,
      63.454,
      64.294,
      65.29,
      65.79,
      66.634,
      67.074,
      67.78,
      67.908,
      68.348,
      69.192,
      69.286,
      69.694,
      70.498,
      70.97,
      71.196,
      71.178,
      71.55,
      72.198,
      72.314,
      72.544,
      73.008,
      73.488,
      74.25,
      74.05,
      74.268,
      74.882,
      74.86,
      75.312,
      75.984,
      75.846,
      75.832,
      76.544,
      76.484,
      76.694,
      77.094,
      77.522,
      77.0,
      77.624,
      77.482,
      77.834,
      78.094
    ],
    "test_loss": [
      2.302937724719794,
      2.302668035982516,
      1.96336607658825,
      1.8352634605889122,
      1.790895036615122,
      1.7892443585319642,
      1.7218539383464728,
      1.6689748554564894,
      1.549209614912161,
      1.496680789862197,
      1.4338398632911828,
      1.3556237632093338,
      1.3706516928185288,
      1.326344405690702,
      1.300222735435437,
      1.2885755313851963,
      1.2390550512094467,
      1.2325171887303312,
      1.2292652545264735,
      1.1793594670752747,
      1.1789098909487739,
      1.1619275547445012,
      1.1670589633643056,
      1.1721182759767903,
      1.1497588786073387,
      1.189110250899586,
      1.151135795984786,
      1.1332468068637787,
      1.1162046441635765,
      1.1321771375287455,
      1.1287249216256432,
      1.146684582241046,
      1.1643709210922923,
      1.1454627138738054,
      1.1383079656968103,
      1.1636409639550473,
      1.1810437425637779,
      1.1514994802947243,
      1.1417257420171183,
      1.2487913415835687,
      1.1781783098229965,
      1.1590042529395594,
      1.1713301116666093,
      1.2022812112261312,
      1.1891516847922778,
      1.1848774118164478,
      1.189774795176503,
      1.210001309363606,
      1.2324882479140553,
      1.1900992993348705,
      1.1970542896860323,
      1.186455482777696,
      1.1674361050890658,
      1.212822329502898,
      1.2370868612783024,
      1.249477308779098,
      1.2861975867527362,
      1.3106617283897277,
      1.2413155049942552,
      1.3101817599881571,
      1.2192218158953487,
      1.2766207629880204,
      1.2858445122599982
    ],
    "test_acc": [
      10.0,
      10.0,
      22.53,
      27.82,
      29.93,
      30.63,
      33.46,
      36.84,
      42.01,
      44.66,
      47.47,
      50.26,
      50.95,
      52.88,
      53.91,
      54.24,
      56.23,
      56.37,
      56.69,
      58.48,
      57.94,
      59.58,
      58.74,
      59.3,
      60.15,
      59.99,
      60.39,
      60.9,
      61.65,
      61.01,
      61.05,
      61.67,
      61.33,
      61.95,
      62.38,
      61.61,
      60.94,
      61.86,
      62.6,
      60.15,
      61.72,
      62.47,
      62.36,
      62.31,
      62.38,
      62.38,
      62.62,
      61.79,
      62.72,
      63.37,
      62.62,
      62.82,
      63.58,
      63.24,
      62.91,
      62.76,
      62.24,
      62.28,
      62.38,
      61.59,
      63.54,
      62.96,
      63.35
    ]
  }
}