{
  "config": {
    "run_name": "exp1_1",
    "out_dir": "./results",
    "seed": 1500872280,
    "device": null,
    "bs_train": 128,
    "bs_test": 32,
    "batches": 100,
    "epochs": 100,
    "early_stopping": 10,
    "checkpoints": null,
    "lr": 0.001,
    "reg": 0.001,
    "filters_per_layer": [
      32
    ],
    "pool_every": 3,
    "hidden_dims": [
      500,
      500
    ],
    "model_type": "cnn",
    "activation_type": "relu",
    "activation_params": {},
    "pooling_type": "max",
    "pooling_params": {
      "kernel_size": 2
    },
    "batchnorm": true,
    "bottleneck": false,
    "dropout": 0.1,
    "kw": {},
    "layers_per_block": 8
  },
  "results": {
    "num_epochs": 0,
    "train_loss": [
      1.762025823678507,
      1.2906740551714397,
      1.070581263136071,
      0.9068037053508222,
      0.7882908765617234,
      0.6839681045173684,
      0.6002184890420236,
      0.5191827311997523,
      0.4470389024223513,
      0.38830857138956903,
      0.3173934356750125,
      0.2787181409957159,
      0.24804996146494165,
      0.21437609942672808,
      0.16313705382787663
    ],
    "train_acc": [
      34.852,
      53.366,
      61.66,
      67.818,
      72.132,
      75.886,
      78.696,
      81.538,
      84.23,
      86.368,
      88.828,
      89.966,
      91.332,
      92.47,
      94.356
    ],
    "test_loss": [
      1.4406910710060559,
      1.2440200802236319,
      1.1847738745494392,
      1.057686362118005,
      1.0338077502319227,
      1.0870048476103396,
      1.1467033747476512,
      1.3181714438401853,
      1.4355971591350751,
      1.7108216992201515,
      1.8376916031867931,
      1.8318646742513005,
      1.7870794448989649,
      1.9184962522488433,
      2.149565300811975
    ],
    "test_acc": [
      48.22,
      56.96,
      60.1,
      64.16,
      65.72,
      64.54,
      65.53,
      64.65,
      64.56,
      64.28,
      63.41,
      63.34,
      64.16,
      62.03,
      62.25
    ]
  }
}