{
  "config": {
    "run_name": "exp1_4",
    "out_dir": "./results",
    "seed": 435828566,
    "device": null,
    "bs_train": 128,
    "bs_test": 32,
    "batches": 100,
    "epochs": 100,
    "early_stopping": 10,
    "checkpoints": null,
    "lr": 0.001,
    "reg": 0.001,
    "filters_per_layer": [
      32
    ],
    "pool_every": 6,
    "hidden_dims": [
      500,
      500
    ],
    "model_type": "resnet",
    "activation_type": "relu",
    "activation_params": {},
    "pooling_type": "max",
    "pooling_params": {
      "kernel_size": 2
    },
    "batchnorm": true,
    "bottleneck": false,
    "dropout": 0.1,
    "kw": {},
    "layers_per_block": 16
  },
  "results": {
    "num_epochs": 0,
    "train_loss": [
      1.5451993369080526,
      1.1148799078543778,
      0.9135107753221946,
      0.7706769991408834,
      0.6651179523724119,
      0.5758401080013236,
      0.4985652780136489,
      0.4268217952278874,
      0.37239940975175795,
      0.3177632260734163,
      0.2830770222084297,
      0.25020754207735474,
      0.22366946807983892,
      0.2028035781991756,
      0.16855625519552803,
      0.14865233071739106,
      0.13879234230388765
    ],
    "train_acc": [
      43.268,
      59.95,
      67.536,
      72.646,
      76.532,
      79.5,
      82.302,
      84.936,
      86.724,
      88.6,
      89.842,
      91.124,
      92.086,
      92.834,
      94.086,
      94.784,
      95.118
    ],
    "test_loss": [
      1.1743894480287838,
      1.0090684205198441,
      0.879657108658038,
      0.8327541555078647,
      0.8484594794317556,
      0.8530796709152075,
      0.8771088020013164,
      0.9823528927164717,
      1.0702244758415527,
      1.1681002815500996,
      1.2786559716771586,
      1.3214721051267921,
      1.4568434286231813,
      1.394814920215942,
      1.4731628313041722,
      1.610631513424194,
      1.6460044756293677
    ],
    "test_acc": [
      57.7,
      65.46,
      70.45,
      72.37,
      72.64,
      73.6,
      74.0,
      73.39,
      73.04,
      73.19,
      72.0,
      72.95,
      72.28,
      72.6,
      72.74,
      72.91,
      72.7
    ]
  }
}