{
  "config": {
    "run_name": "exp1_1",
    "out_dir": "./results",
    "seed": 516412391,
    "device": null,
    "bs_train": 128,
    "bs_test": 32,
    "batches": 100,
    "epochs": 100,
    "early_stopping": 10,
    "checkpoints": null,
    "lr": 0.001,
    "reg": 0.001,
    "filters_per_layer": [
      64
    ],
    "pool_every": 3,
    "hidden_dims": [
      500,
      500
    ],
    "model_type": "cnn",
    "activation_type": "relu",
    "activation_params": {},
    "pooling_type": "max",
    "pooling_params": {
      "kernel_size": 2
    },
    "batchnorm": true,
    "bottleneck": false,
    "dropout": 0.1,
    "kw": {},
    "layers_per_block": 8
  },
  "results": {
    "num_epochs": 0,
    "train_loss": [
      1.79977580744897,
      1.3290981177783683,
      1.0661604524878285,
      0.8735458338656998,
      0.7420678150166026,
      0.6429158927077223,
      0.5688834378633962,
      0.4749454507208846,
      0.4121249829564253,
      0.3616927422373496,
      0.29324102418883075,
      0.2480527909706011,
      0.20142604328711014,
      0.1747102805739626,
      0.14971351564464058,
      0.13703140050001308,
      0.11667785065634476,
      0.10300372603356533
    ],
    "train_acc": [
      32.988,
      51.42,
      61.776,
      69.162,
      73.876,
      77.382,
      79.86,
      83.054,
      85.356,
      87.142,
      89.648,
      91.31,
      92.848,
      93.88,
      94.83,
      95.252,
      96.076,
      96.52
    ],
    "test_loss": [
      1.5156479357911374,
      1.2085550469331467,
      1.0911587472921742,
      0.9491055534480098,
      0.9325872871060722,
      1.0898711938446703,
      1.0353192627049101,
      1.0921178588661522,
      1.3111537196956122,
      1.2869564241494615,
      1.476240824205807,
      1.657399112900225,
      1.7528392266922486,
      1.8450356994193202,
      2.0454675364799013,
      1.9414291739844667,
      1.9635658162280012,
      2.0026332642704534
    ],
    "test_acc": [
      44.39,
      56.1,
      62.01,
      67.05,
      68.54,
      65.26,
      68.73,
      70.01,
      67.4,
      68.16,
      68.13,
      67.39,
      66.8,
      67.64,
      67.03,
      67.35,
      68.31,
      68.95
    ]
  }
}