{
  "config": {
    "run_name": "exp1_4",
    "out_dir": "./results",
    "seed": 666153973,
    "device": null,
    "bs_train": 128,
    "bs_test": 32,
    "batches": 100,
    "epochs": 100,
    "early_stopping": 10,
    "checkpoints": null,
    "lr": 0.001,
    "reg": 0.001,
    "filters_per_layer": [
      32
    ],
    "pool_every": 7,
    "hidden_dims": [
      500,
      500
    ],
    "model_type": "resnet",
    "activation_type": "relu",
    "activation_params": {},
    "pooling_type": "max",
    "pooling_params": {
      "kernel_size": 2
    },
    "batchnorm": true,
    "bottleneck": false,
    "dropout": 0.1,
    "kw": {},
    "layers_per_block": 32
  },
  "results": {
    "num_epochs": 0,
    "train_loss": [
      1.714115727892922,
      1.3202495305129633,
      1.1103894716638434,
      0.9810449261494609,
      0.8944302353712604,
      0.824461533895234,
      0.7648995844909298,
      0.7245461878264347,
      0.6841166652072116,
      0.6477699609058897,
      0.6201661391483854,
      0.5899711905995293,
      0.564031401329943,
      0.5398196102408193,
      0.5215601209941727,
      0.49604621956415496,
      0.4788026656488628,
      0.4629851165787338,
      0.44813955752441037,
      0.42626507892785476,
      0.4068051715336187,
      0.3941639693801665,
      0.37584928112566623,
      0.36890154802585806,
      0.35606558552331025,
      0.34088080096275303,
      0.33016015871254073,
      0.31589571201740324,
      0.3077471576002248,
      0.29014732330427756,
      0.2838200547582353,
      0.2791355021888643,
      0.26124091061484783,
      0.26253959572757296,
      0.24411277951258223,
      0.2355368028745017,
      0.23818865165000072,
      0.22855383385439662,
      0.2259237729679898
    ],
    "train_acc": [
      35.85,
      51.932,
      60.434,
      64.984,
      68.302,
      70.872,
      72.948,
      74.438,
      75.842,
      77.096,
      78.006,
      79.196,
      80.062,
      80.786,
      81.3,
      82.294,
      82.858,
      83.338,
      84.05,
      84.732,
      85.456,
      85.808,
      86.502,
      86.818,
      87.156,
      87.652,
      88.134,
      88.644,
      89.006,
      89.562,
      89.8,
      89.954,
      90.428,
      90.596,
      91.274,
      91.54,
      91.364,
      91.716,
      92.0
    ],
    "test_loss": [
      1.4101777084338398,
      1.125415152444626,
      0.999274668697351,
      0.9206459358477364,
      0.8792945039919771,
      0.8024003078191044,
      0.7808444652313622,
      0.7425036994032205,
      0.7538420532267696,
      0.7336897563439208,
      0.7258282317140232,
      0.7121041023883575,
      0.7169492962166143,
      0.7007741753856975,
      0.7211642689503039,
      0.7313958988212549,
      0.748219303120249,
      0.7471020527826712,
      0.740563082237975,
      0.7420746984478003,
      0.7951724417864705,
      0.7546838099202409,
      0.7902907339243082,
      0.8010731051429011,
      0.8156276885598612,
      0.8113125811417263,
      0.8627805242332788,
      0.9191370982045944,
      0.8707536816977846,
      0.9337355856316539,
      0.9300642005456522,
      0.9570607488719038,
      0.9211202078638747,
      0.9956240235997466,
      1.0091347913391673,
      0.9933048338174059,
      1.023084143670603,
      1.0453445298222308,
      1.1180005549146725
    ],
    "test_acc": [
      47.44,
      59.54,
      64.49,
      68.23,
      69.75,
      72.29,
      73.27,
      74.77,
      75.14,
      75.49,
      75.97,
      76.77,
      76.93,
      77.75,
      77.38,
      76.96,
      78.11,
      77.23,
      78.45,
      78.13,
      77.58,
      78.58,
      78.52,
      78.66,
      78.22,
      78.26,
      77.59,
      77.93,
      78.75,
      77.61,
      77.44,
      77.55,
      78.2,
      77.8,
      78.29,
      78.26,
      77.65,
      77.7,
      76.9
    ]
  }
}