{
  "config": {
    "run_name": "exp1_2",
    "out_dir": "./results",
    "seed": 1645122667,
    "device": null,
    "bs_train": 128,
    "bs_test": 32,
    "batches": 100,
    "epochs": 100,
    "early_stopping": 10,
    "checkpoints": null,
    "lr": 0.001,
    "reg": 0.001,
    "filters_per_layer": [
      32
    ],
    "pool_every": 3,
    "hidden_dims": [
      500,
      500
    ],
    "model_type": "cnn",
    "activation_type": "relu",
    "activation_params": {},
    "pooling_type": "max",
    "pooling_params": {
      "kernel_size": 2
    },
    "batchnorm": true,
    "bottleneck": false,
    "dropout": 0.1,
    "kw": {},
    "layers_per_block": 2
  },
  "results": {
    "num_epochs": 0,
    "train_loss": [
      1.591251968117931,
      1.2218757831227138,
      0.9960729248078583,
      0.7733388402120537,
      0.5897079652837475,
      0.43248293337309757,
      0.32515939456575055,
      0.22725451640460803,
      0.17030203113775425,
      0.12039951367489517,
      0.08517805152975233,
      0.06810047244891296,
      0.06059939046854825
    ],
    "train_acc": [
      42.25,
      56.228,
      64.76,
      72.83,
      79.466,
      84.846,
      88.706,
      92.244,
      94.23,
      96.016,
      97.188,
      97.76,
      98.052
    ],
    "test_loss": [
      1.3265792222830435,
      1.1982992624703306,
      1.1136137111880147,
      1.219375420492678,
      1.42175851195765,
      1.715362998243338,
      1.9642508174664677,
      2.0659585109533976,
      2.2125107439371723,
      2.4182217039239293,
      2.5368699638036114,
      2.771196063334188,
      2.907064629248537
    ],
    "test_acc": [
      51.97,
      57.78,
      61.67,
      60.94,
      60.56,
      60.12,
      58.35,
      59.22,
      59.65,
      59.86,
      60.42,
      60.45,
      60.58
    ]
  }
}