{
  "config": {
    "run_name": "exp1_2",
    "out_dir": "./results",
    "seed": 209977046,
    "device": null,
    "bs_train": 128,
    "bs_test": 32,
    "batches": 100,
    "epochs": 100,
    "early_stopping": 10,
    "checkpoints": null,
    "lr": 0.001,
    "reg": 0.001,
    "filters_per_layer": [
      64
    ],
    "pool_every": 3,
    "hidden_dims": [
      500,
      500
    ],
    "model_type": "cnn",
    "activation_type": "relu",
    "activation_params": {},
    "pooling_type": "max",
    "pooling_params": {
      "kernel_size": 2
    },
    "batchnorm": true,
    "bottleneck": false,
    "dropout": 0.1,
    "kw": {},
    "layers_per_block": 8
  },
  "results": {
    "num_epochs": 0,
    "train_loss": [
      1.742737109703786,
      1.226243976284476,
      0.9681830901623992,
      0.7961656537354754,
      0.667673356850129,
      0.5564238152388111,
      0.4553806452113954,
      0.38228565263931097,
      0.3191455505464388,
      0.2566182245988675,
      0.20097191407895454,
      0.16995115246614226,
      0.13678619955354335,
      0.11604084355084945,
      0.09756093356720245,
      0.08720885380826261,
      0.0837145499537325,
      0.08596806183381153,
      0.07754595333214878,
      0.06980897656575208,
      0.06904641089513136,
      0.06169730173471524,
      0.060112110158080795,
      0.06017789219165473,
      0.06295052137406891,
      0.054050920861046715,
      0.05838063503305911,
      0.05337886022561041,
      0.0504884343824166,
      0.05443717349651734,
      0.04775556174518965
    ],
    "train_acc": [
      35.826,
      55.62,
      65.404,
      72.004,
      76.38,
      80.422,
      83.826,
      86.352,
      88.672,
      91.048,
      93.02,
      94.074,
      95.28,
      96.084,
      96.736,
      97.078,
      97.19,
      97.112,
      97.406,
      97.706,
      97.696,
      97.966,
      98.046,
      98.03,
      97.92,
      98.188,
      98.118,
      98.23,
      98.394,
      98.254,
      98.496
    ],
    "test_loss": [
      1.4043361757890866,
      1.1328954121556145,
      1.1363748728086391,
      1.0217520876433521,
      0.9766781393902751,
      1.0936214821026349,
      1.161358996321218,
      1.4384620978047673,
      1.5195422387732485,
      1.7041980287137504,
      1.8534441276099354,
      1.7692185151881683,
      1.7633984862996366,
      2.1084665114315935,
      2.3635058324938765,
      2.3294986612118853,
      2.079661774559143,
      2.093947044005409,
      2.1137267499686048,
      2.162138726193303,
      2.27045683186656,
      2.082579632584279,
      2.1588351791278244,
      2.394418476774289,
      2.22090351067412,
      2.4845583061821546,
      2.163381683904999,
      2.395109730597121,
      2.252485563103764,
      2.3863566202667954,
      2.2558766752957538
    ],
    "test_acc": [
      48.28,
      60.16,
      62.72,
      64.98,
      67.07,
      65.52,
      67.57,
      66.37,
      66.55,
      65.2,
      65.46,
      67.3,
      66.82,
      67.03,
      66.14,
      66.94,
      67.93,
      67.55,
      68.15,
      68.37,
      69.08,
      68.97,
      68.94,
      68.93,
      68.27,
      68.22,
      68.31,
      67.97,
      68.49,
      68.61,
      68.95
    ]
  }
}