{
  "config": {
    "run_name": "exp1_1",
    "out_dir": "./results",
    "seed": 1248647998,
    "device": null,
    "bs_train": 128,
    "bs_test": 32,
    "batches": 100,
    "epochs": 100,
    "early_stopping": 10,
    "checkpoints": null,
    "lr": 0.001,
    "reg": 0.001,
    "filters_per_layer": [
      64
    ],
    "pool_every": 3,
    "hidden_dims": [
      500,
      500
    ],
    "model_type": "cnn",
    "activation_type": "relu",
    "activation_params": {},
    "pooling_type": "max",
    "pooling_params": {
      "kernel_size": 2
    },
    "batchnorm": true,
    "bottleneck": false,
    "dropout": 0.1,
    "kw": {},
    "layers_per_block": 2
  },
  "results": {
    "num_epochs": 0,
    "train_loss": [
      1.5946317161135661,
      1.184940786312913,
      0.948501914663388,
      0.7367319125501092,
      0.552877179268376,
      0.389687769591351,
      0.29698721168901,
      0.21041590148759315,
      0.14202349281886503,
      0.09498670965890445,
      0.07999587903940178,
      0.06679603681349389,
      0.05317230743196462
    ],
    "train_acc": [
      41.85,
      57.63,
      66.324,
      74.288,
      80.596,
      86.476,
      89.712,
      92.75,
      95.27,
      96.792,
      97.352,
      97.806,
      98.238
    ],
    "test_loss": [
      1.2971274711834355,
      1.1666874034336199,
      1.1691221539585734,
      1.2500735226149757,
      1.4058697960628108,
      2.084511453351274,
      1.9293159867247072,
      2.4024336437066904,
      2.440459478015717,
      2.7700391701235176,
      2.850725688492528,
      2.9437139723628474,
      3.0147667391993367
    ],
    "test_acc": [
      53.62,
      59.23,
      60.46,
      59.52,
      59.41,
      55.64,
      57.33,
      54.82,
      58.5,
      58.85,
      59.04,
      58.37,
      59.51
    ]
  }
}