{
  "config": {
    "run_name": "exp1_2",
    "out_dir": "./results",
    "seed": 1909287295,
    "device": null,
    "bs_train": 128,
    "bs_test": 32,
    "batches": 100,
    "epochs": 100,
    "early_stopping": 10,
    "checkpoints": null,
    "lr": 0.001,
    "reg": 0.001,
    "filters_per_layer": [
      32
    ],
    "pool_every": 3,
    "hidden_dims": [
      500,
      500
    ],
    "model_type": "cnn",
    "activation_type": "relu",
    "activation_params": {},
    "pooling_type": "max",
    "pooling_params": {
      "kernel_size": 2
    },
    "batchnorm": true,
    "bottleneck": false,
    "dropout": 0.1,
    "kw": {},
    "layers_per_block": 4
  },
  "results": {
    "num_epochs": 0,
    "train_loss": [
      1.5530410776357821,
      1.1048264480612773,
      0.8799887320879475,
      0.7129297572785936,
      0.5978675692739999,
      0.46586231887340546,
      0.35058172771235563,
      0.26772836220386387,
      0.20141583164710827,
      0.15475228917606346,
      0.12093864412039823,
      0.08723216239705948,
      0.06802646933919024,
      0.06265869181569847
    ],
    "train_acc": [
      43.114,
      60.548,
      68.96,
      74.982,
      79.04,
      83.66,
      87.574,
      90.65,
      92.976,
      94.648,
      95.874,
      97.006,
      97.676,
      97.812
    ],
    "test_loss": [
      1.2466500826156177,
      1.0462045576244878,
      1.0659450200228646,
      1.0174009686651322,
      1.1371834977937583,
      1.3616574987435874,
      1.5212929465900213,
      1.9468228099064324,
      1.9366017742850148,
      2.101523834485977,
      2.229537013620614,
      2.304951262740662,
      2.5461255885160767,
      2.5714069930985333
    ],
    "test_acc": [
      55.14,
      62.84,
      63.95,
      66.28,
      64.2,
      62.5,
      64.28,
      61.67,
      63.01,
      65.76,
      66.11,
      65.47,
      65.65,
      65.33
    ]
  }
}