{
  "config": {
    "run_name": "exp1_2",
    "out_dir": "./results",
    "seed": 621669896,
    "device": null,
    "bs_train": 128,
    "bs_test": 32,
    "batches": 100,
    "epochs": 100,
    "early_stopping": 10,
    "checkpoints": null,
    "lr": 0.001,
    "reg": 0.001,
    "filters_per_layer": [
      64
    ],
    "pool_every": 3,
    "hidden_dims": [
      500,
      500
    ],
    "model_type": "cnn",
    "activation_type": "relu",
    "activation_params": {},
    "pooling_type": "max",
    "pooling_params": {
      "kernel_size": 2
    },
    "batchnorm": true,
    "bottleneck": false,
    "dropout": 0.1,
    "kw": {},
    "layers_per_block": 2
  },
  "results": {
    "num_epochs": 0,
    "train_loss": [
      1.593844911631416,
      1.1139604257195808,
      0.8601547092427988,
      0.6742503902948725,
      0.53809341007029,
      0.4106880217180837,
      0.313682475358324,
      0.22795876193686823,
      0.16004235920546306,
      0.11299441582844842,
      0.07963604248745744,
      0.06658457758624459,
      0.06316586597905972
    ],
    "train_acc": [
      41.966,
      60.17,
      69.858,
      76.31,
      81.138,
      85.636,
      89.096,
      92.04,
      94.58,
      96.2,
      97.298,
      97.82,
      97.882
    ],
    "test_loss": [
      1.2918935698061325,
      1.1002059921669884,
      1.0796575152074186,
      1.3512127940266276,
      1.4307450297922373,
      1.626103528391439,
      1.7518643325510117,
      1.967996258800403,
      2.325034199812161,
      2.3720080189811537,
      2.4856190610998357,
      2.897786132443827,
      2.914321695653775
    ],
    "test_acc": [
      53.75,
      61.59,
      63.16,
      59.68,
      60.55,
      60.39,
      61.61,
      60.94,
      61.36,
      61.78,
      62.87,
      61.94,
      61.47
    ]
  }
}