{
  "config": {
    "run_name": "exp1_1",
    "out_dir": "./results",
    "seed": 1482639376,
    "device": null,
    "bs_train": 128,
    "bs_test": 32,
    "batches": 100,
    "epochs": 100,
    "early_stopping": 10,
    "checkpoints": null,
    "lr": 0.001,
    "reg": 0.001,
    "filters_per_layer": [
      32
    ],
    "pool_every": 3,
    "hidden_dims": [
      500,
      500
    ],
    "model_type": "cnn",
    "activation_type": "relu",
    "activation_params": {},
    "pooling_type": "max",
    "pooling_params": {
      "kernel_size": 2
    },
    "batchnorm": true,
    "bottleneck": false,
    "dropout": 0.1,
    "kw": {},
    "layers_per_block": 2
  },
  "results": {
    "num_epochs": 0,
    "train_loss": [
      1.5417933967107398,
      1.1027773112592185,
      0.8690092642898755,
      0.6618751190659945,
      0.49911152908716666,
      0.3538334160052297,
      0.24610249507610146,
      0.17442242275266087,
      0.1413378402819414,
      0.10550734679669599,
      0.083551816911439,
      0.06349709068003404,
      0.05150234931960816
    ],
    "train_acc": [
      44.036,
      60.422,
      69.382,
      76.942,
      82.53,
      87.668,
      91.526,
      94.172,
      95.18,
      96.404,
      97.16,
      97.94,
      98.31
    ],
    "test_loss": [
      1.2291487788620847,
      1.0958551924449567,
      1.0981545104576758,
      1.2407181742854012,
      1.2858323084470182,
      1.6903845085122715,
      1.863501289020331,
      2.1889677607594207,
      2.2540871338151134,
      2.492076030554482,
      2.6314216576064355,
      2.861272703534879,
      2.9252128086912745
    ],
    "test_acc": [
      56.04,
      61.71,
      62.93,
      61.66,
      62.92,
      61.04,
      60.56,
      59.0,
      60.69,
      61.23,
      61.15,
      61.11,
      61.98
    ]
  }
}