{
  "config": {
    "run_name": "exp1_4",
    "out_dir": "./results",
    "seed": 1348581865,
    "device": null,
    "bs_train": 128,
    "bs_test": 32,
    "batches": 100,
    "epochs": 100,
    "early_stopping": 10,
    "checkpoints": null,
    "lr": 0.001,
    "reg": 0.001,
    "filters_per_layer": [
      64,
      128,
      256
    ],
    "pool_every": 7,
    "hidden_dims": [
      500,
      500
    ],
    "model_type": "resnet",
    "activation_type": "relu",
    "activation_params": {},
    "pooling_type": "max",
    "pooling_params": {
      "kernel_size": 2
    },
    "batchnorm": true,
    "bottleneck": false,
    "dropout": 0.1,
    "kw": {},
    "layers_per_block": 2
  },
  "results": {
    "num_epochs": 0,
    "train_loss": [
      2.426635185470971,
      2.302856044086349,
      2.302824594175724,
      2.3028042304241443,
      2.302791043010819,
      2.3027829623893092,
      2.3027776763262344,
      2.3027719262310917,
      2.302767025540247,
      2.302725389485469,
      2.3027760189817386
    ],
    "train_acc": [
      9.744,
      9.724,
      9.768,
      9.608,
      9.596,
      9.6,
      9.576,
      9.57,
      9.674,
      9.612,
      9.658
    ],
    "test_loss": [
      2.3027092252676478,
      2.302675845904853,
      2.302668243932267,
      2.3026502101946944,
      2.3026318519641036,
      2.302636964633442,
      2.302638421805141,
      2.3026356445714686,
      2.3026574640609203,
      2.302651241564522,
      2.3026255517721936
    ],
    "test_acc": [
      10.0,
      10.0,
      10.0,
      10.0,
      10.0,
      10.0,
      10.0,
      10.0,
      10.0,
      10.0,
      10.0
    ]
  }
}