{
  "config": {
    "run_name": "exp1_1",
    "out_dir": "./results",
    "seed": 1869805469,
    "device": null,
    "bs_train": 128,
    "bs_test": 32,
    "batches": 100,
    "epochs": 100,
    "early_stopping": 10,
    "checkpoints": null,
    "lr": 0.001,
    "reg": 0.001,
    "filters_per_layer": [
      64
    ],
    "pool_every": 3,
    "hidden_dims": [
      500,
      500
    ],
    "model_type": "cnn",
    "activation_type": "relu",
    "activation_params": {},
    "pooling_type": "max",
    "pooling_params": {
      "kernel_size": 2
    },
    "batchnorm": true,
    "bottleneck": false,
    "dropout": 0.1,
    "kw": {},
    "layers_per_block": 4
  },
  "results": {
    "num_epochs": 0,
    "train_loss": [
      1.5537634462956578,
      1.022692003213536,
      0.7657212819284795,
      0.5680698559564703,
      0.42272531860472295,
      0.2949254312326231,
      0.1884601593608289,
      0.11412379814935919,
      0.08535053724151515,
      0.07055208170095749,
      0.056207716454277794,
      0.048345395799159356,
      0.04470272093553982
    ],
    "train_acc": [
      43.256,
      63.588,
      72.926,
      80.128,
      85.26,
      89.688,
      93.622,
      96.066,
      97.1,
      97.698,
      98.06,
      98.38,
      98.52
    ],
    "test_loss": [
      1.1807192811569847,
      0.9314215987825546,
      0.879726047142626,
      0.9937557739000351,
      1.1204245089532467,
      1.4791048569991565,
      1.6667278650850534,
      1.7230399743246194,
      1.955940568409027,
      2.0135053331478714,
      1.9816756568396816,
      2.1484158436139933,
      2.2811850863523757
    ],
    "test_acc": [
      57.61,
      66.97,
      70.26,
      68.84,
      67.83,
      66.91,
      67.53,
      68.03,
      67.82,
      68.13,
      69.86,
      69.2,
      68.68
    ]
  }
}