{
  "config": {
    "run_name": "exp1_1",
    "out_dir": "./results",
    "seed": 167077438,
    "device": null,
    "bs_train": 128,
    "bs_test": 32,
    "batches": 100,
    "epochs": 100,
    "early_stopping": 10,
    "checkpoints": null,
    "lr": 0.001,
    "reg": 0.001,
    "filters_per_layer": [
      32
    ],
    "pool_every": 3,
    "hidden_dims": [
      500,
      500
    ],
    "model_type": "cnn",
    "activation_type": "relu",
    "activation_params": {},
    "pooling_type": "max",
    "pooling_params": {
      "kernel_size": 2
    },
    "batchnorm": true,
    "bottleneck": false,
    "dropout": 0.1,
    "kw": {},
    "layers_per_block": 4
  },
  "results": {
    "num_epochs": 0,
    "train_loss": [
      1.5787577595552216,
      1.1026882204558233,
      0.8565550454132392,
      0.6729638798310019,
      0.5194182691671659,
      0.3929657387306623,
      0.2945888869445342,
      0.21860274218994638,
      0.15721816695331003,
      0.0979462345428479,
      0.07202233788092881,
      0.05644256450936122,
      0.05735309896073626,
      0.04878032895560136,
      0.04920738541623554,
      0.04374530135125131,
      0.042484887134250436,
      0.042692835902130646,
      0.03451584875637241,
      0.03882039479477822
    ],
    "train_acc": [
      42.546,
      60.684,
      69.602,
      76.402,
      81.742,
      86.176,
      89.742,
      92.23,
      94.54,
      96.56,
      97.638,
      98.07,
      98.144,
      98.314,
      98.426,
      98.584,
      98.54,
      98.58,
      98.85,
      98.742
    ],
    "test_loss": [
      1.2593274497376463,
      1.0508900602785542,
      0.9749667023698362,
      0.9971049239460271,
      1.1556777383763188,
      1.461678691279774,
      1.6024549411127742,
      1.4697243967376197,
      1.851795377061009,
      2.0268916135397963,
      2.3074676384941077,
      2.460476144148519,
      2.3351871641680075,
      2.4579808961469145,
      2.3335530750286844,
      2.6207828763574836,
      2.6202249275609706,
      2.55209172667025,
      2.786161823965871,
      2.7351079265149636
    ],
    "test_acc": [
      54.84,
      63.33,
      66.08,
      66.93,
      65.41,
      64.51,
      66.06,
      66.71,
      65.04,
      67.23,
      67.23,
      66.98,
      67.17,
      66.92,
      67.08,
      65.52,
      67.11,
      65.96,
      66.22,
      66.26
    ]
  }
}