{
  "config": {
    "run_name": "exp1_1",
    "out_dir": "./results",
    "seed": 1288691211,
    "device": null,
    "bs_train": 128,
    "bs_test": 32,
    "batches": 100,
    "epochs": 100,
    "early_stopping": 10,
    "checkpoints": null,
    "lr": 0.001,
    "reg": 0.001,
    "filters_per_layer": [
      64
    ],
    "pool_every": 3,
    "hidden_dims": [
      500,
      500
    ],
    "model_type": "cnn",
    "activation_type": "relu",
    "activation_params": {},
    "pooling_type": "max",
    "pooling_params": {
      "kernel_size": 2
    },
    "batchnorm": true,
    "bottleneck": false,
    "dropout": 0.1,
    "kw": {},
    "layers_per_block": 16
  },
  "results": {
    "num_epochs": 0,
    "train_loss": [
      2.3031464793797953,
      2.3028355900893738,
      2.302709565443151,
      2.302698693921804,
      2.3026977189056708,
      2.302697761589304,
      2.3026977902483146,
      2.302697798175275,
      2.30269781341943,
      2.302697803053405,
      2.302697820736624
    ],
    "train_acc": [
      9.802,
      9.904,
      9.684,
      9.728,
      9.626,
      9.634,
      9.644,
      9.644,
      9.636,
      9.636,
      9.636
    ],
    "test_loss": [
      2.30304039933811,
      2.302615136003342,
      2.302600936767773,
      2.3026029903667804,
      2.3025987521528055,
      2.302599665455925,
      2.3026004865908396,
      2.3026008499316135,
      2.302602678823014,
      2.302599831511037,
      2.3026028738235134
    ],
    "test_acc": [
      10.0,
      10.0,
      10.0,
      10.0,
      10.0,
      10.0,
      10.0,
      10.0,
      10.0,
      10.0,
      10.0
    ]
  }
}