{
  "config": {
    "run_name": "exp1_4",
    "out_dir": "./results",
    "seed": 1689157922,
    "device": null,
    "bs_train": 128,
    "bs_test": 32,
    "batches": 100,
    "epochs": 100,
    "early_stopping": 10,
    "checkpoints": null,
    "lr": 0.001,
    "reg": 0.001,
    "filters_per_layer": [
      64,
      128,
      256
    ],
    "pool_every": 7,
    "hidden_dims": [
      500,
      500
    ],
    "model_type": "resnet",
    "activation_type": "relu",
    "activation_params": {},
    "pooling_type": "max",
    "pooling_params": {
      "kernel_size": 2
    },
    "batchnorm": true,
    "bottleneck": false,
    "dropout": 0.1,
    "kw": {},
    "layers_per_block": 4
  },
  "results": {
    "num_epochs": 0,
    "train_loss": [
      1.882957113673315,
      1.549111100413915,
      1.3362754418721894,
      1.1709013128524546,
      1.0322528917466283,
      0.9071449045939823,
      0.8036550831459367,
      0.6909447708703063,
      0.5899234808162045,
      0.497108299294701,
      0.4155528515272433,
      0.35132671744012467,
      0.31089509966428325,
      0.26453244192597203,
      0.22371804594155162,
      0.18395708160250998,
      0.16147814831122412,
      0.14301051087963307,
      0.12657799922844484,
      0.11675458160393379,
      0.10789393829157971,
      0.09723141263989384,
      0.09120084552089576,
      0.07989508377583436,
      0.0779383939171634,
      0.07618068218412226
    ],
    "train_acc": [
      31.57,
      43.338,
      51.572,
      57.688,
      62.804,
      67.442,
      71.168,
      75.798,
      79.194,
      82.616,
      85.624,
      87.972,
      89.102,
      90.89,
      92.4,
      93.732,
      94.506,
      95.266,
      95.822,
      96.094,
      96.316,
      96.872,
      96.984,
      97.362,
      97.46,
      97.524
    ],
    "test_loss": [
      1.6204871247751644,
      1.4040541747888438,
      1.2535634200793866,
      1.2775393111256366,
      1.240880732719129,
      1.3060927234899502,
      1.4718590856741032,
      1.5636291048778133,
      1.6862559322351085,
      1.878408582256244,
      2.251877385206497,
      2.3490946441412732,
      2.2994183765623135,
      2.622676872978576,
      2.676135680355584,
      2.7643937717992277,
      2.9753899882776667,
      3.1036085339780812,
      3.128251538109094,
      3.291136299078457,
      3.116605160716243,
      2.9862442279395203,
      3.2181140134890622,
      3.2998292196672945,
      3.128041893529435,
      3.2310783107059833
    ],
    "test_acc": [
      40.7,
      49.18,
      55.45,
      55.92,
      57.56,
      57.85,
      55.48,
      55.15,
      55.78,
      56.2,
      55.85,
      55.29,
      57.77,
      57.18,
      57.87,
      58.49,
      58.04,
      58.13,
      57.94,
      58.17,
      58.33,
      58.39,
      58.49,
      57.28,
      58.07,
      57.56
    ]
  }
}