{
  "config": {
    "run_name": "exp1_4",
    "out_dir": "./results",
    "seed": 908140133,
    "device": null,
    "bs_train": 128,
    "bs_test": 32,
    "batches": 100,
    "epochs": 100,
    "early_stopping": 10,
    "checkpoints": null,
    "lr": 0.001,
    "reg": 0.001,
    "filters_per_layer": [
      64,
      128,
      256
    ],
    "pool_every": 7,
    "hidden_dims": [
      500,
      500
    ],
    "model_type": "resnet",
    "activation_type": "relu",
    "activation_params": {},
    "pooling_type": "max",
    "pooling_params": {
      "kernel_size": 2
    },
    "batchnorm": true,
    "bottleneck": false,
    "dropout": 0.1,
    "kw": {},
    "layers_per_block": 8
  },
  "results": {
    "num_epochs": 0,
    "train_loss": [
      1.8376821578311189,
      1.4641454667996263,
      1.2882148356693786,
      1.143819292640442,
      1.026799074829082,
      0.9322363936992557,
      0.8539822853129843,
      0.7947976003827342,
      0.7372351624166874,
      0.6851258538568111,
      0.6378869370883687,
      0.5964775519907627,
      0.555452336283291,
      0.524126582667041,
      0.4829828265835257,
      0.46497022312925296,
      0.4310475171679426,
      0.3971631973600753,
      0.3755165367861233,
      0.3574582417602734,
      0.33454624355753976,
      0.3116183513418183,
      0.30646208439336714,
      0.2846979742388591,
      0.2734309978344861,
      0.25948757226662256,
      0.25076749078605487,
      0.22330790579014118,
      0.22343304053977933,
      0.20819612228504533,
      0.20407637376385881,
      0.19699500762212002,
      0.1890750475932875,
      0.18004470965479646,
      0.17139582160641165,
      0.15645768465783894,
      0.1504627850259204,
      0.15850141684493751,
      0.15379125904530058,
      0.1389713827615885,
      0.13875636341207473,
      0.14011200130595575,
      0.13240970168596186,
      0.12044405500830897,
      0.12288776950439072,
      0.11631619123279896,
      0.12371933007436564,
      0.1132718430227026,
      0.11807027556802459,
      0.10828602467389668,
      0.10707340138437955,
      0.10856423344072479,
      0.1114944126147329,
      0.09657304652292481,
      0.09579566131819926,
      0.09801727993999754,
      0.09547417881943839
    ],
    "train_acc": [
      31.57,
      46.726,
      53.456,
      59.016,
      63.626,
      66.902,
      69.572,
      71.734,
      73.87,
      75.576,
      77.418,
      78.532,
      79.932,
      81.06,
      82.62,
      83.264,
      84.482,
      85.604,
      86.452,
      87.092,
      87.918,
      88.71,
      89.076,
      89.9,
      90.142,
      90.758,
      91.082,
      91.98,
      92.108,
      92.586,
      92.78,
      93.134,
      93.316,
      93.74,
      94.118,
      94.434,
      94.724,
      94.372,
      94.71,
      95.244,
      95.104,
      95.178,
      95.44,
      95.828,
      95.776,
      96.022,
      95.896,
      96.122,
      96.082,
      96.28,
      96.36,
      96.286,
      96.262,
      96.786,
      96.768,
      96.728,
      96.758
    ],
    "test_loss": [
      1.5253521276358217,
      1.3422164376170491,
      1.1775913004296275,
      1.1002554101304125,
      1.0036969647620813,
      0.9271625849766473,
      0.8982857525729524,
      0.9012934528410245,
      0.8768354625747607,
      0.9179026116007052,
      0.9494560399946694,
      0.9275753008671843,
      0.9188840550165207,
      0.9374899778027124,
      1.045538626158961,
      1.005103075371002,
      1.0518343511004797,
      1.048148999294153,
      1.044923390919408,
      1.0704643898688184,
      1.1376030721698707,
      1.1623881408296073,
      1.176827612252662,
      1.1613955551062147,
      1.202793989461451,
      1.2313433980789428,
      1.2373294641796393,
      1.3107579339045685,
      1.3092664165999561,
      1.301498610562029,
      1.3239104738726784,
      1.3938218863151324,
      1.4060126128859414,
      1.405824727715014,
      1.5124874794349883,
      1.5108302439839696,
      1.524102852129327,
      1.5399195989623617,
      1.5649518951916466,
      1.5851354342870438,
      1.6162843228148196,
      1.6007499190184256,
      1.5646962854332818,
      1.728059291268309,
      1.6403849224170175,
      1.6900601741700128,
      1.675623119496309,
      1.7166509520226774,
      1.647792990881795,
      1.7118066455990362,
      1.7770046674595854,
      1.8049038294405222,
      1.7508917666090944,
      1.8278117370300782,
      1.8128041109909265,
      1.8103253855206334,
      1.8540819269209243
    ],
    "test_acc": [
      44.71,
      50.75,
      58.56,
      61.47,
      65.25,
      67.61,
      69.34,
      69.85,
      71.45,
      70.84,
      70.25,
      71.87,
      72.8,
      72.78,
      71.06,
      72.65,
      72.37,
      72.88,
      73.87,
      74.03,
      73.26,
      73.39,
      73.48,
      74.34,
      74.04,
      73.59,
      74.31,
      73.75,
      73.79,
      74.82,
      74.09,
      73.99,
      74.35,
      74.04,
      74.38,
      74.61,
      74.72,
      75.0,
      74.65,
      74.49,
      74.04,
      74.12,
      74.41,
      74.53,
      74.86,
      74.95,
      75.31,
      74.56,
      74.84,
      75.09,
      74.32,
      75.22,
      74.57,
      74.77,
      74.37,
      74.85,
      75.06
    ]
  }
}