{
  "config": {
    "run_name": "exp1_2",
    "out_dir": "./results",
    "seed": 613341035,
    "device": null,
    "bs_train": 128,
    "bs_test": 32,
    "batches": 100,
    "epochs": 100,
    "early_stopping": 10,
    "checkpoints": null,
    "lr": 0.001,
    "reg": 0.001,
    "filters_per_layer": [
      128
    ],
    "pool_every": 3,
    "hidden_dims": [
      500,
      500
    ],
    "model_type": "cnn",
    "activation_type": "relu",
    "activation_params": {},
    "pooling_type": "max",
    "pooling_params": {
      "kernel_size": 2
    },
    "batchnorm": true,
    "bottleneck": false,
    "dropout": 0.1,
    "kw": {},
    "layers_per_block": 8
  },
  "results": {
    "num_epochs": 0,
    "train_loss": [
      1.940003217333723,
      1.3990728894767859,
      1.14906905602921,
      0.9443736029098101,
      0.7840709462190223,
      0.6677760141889763,
      0.5721836664030314,
      0.5006267747382069,
      0.419278277117578,
      0.34789689201528157,
      0.28092138793157495,
      0.24176111001797648,
      0.22040812906516177,
      0.198306078581935,
      0.16154777313894628
    ],
    "train_acc": [
      26.036,
      48.554,
      58.526,
      66.492,
      72.212,
      76.446,
      79.778,
      82.208,
      85.164,
      87.696,
      90.204,
      91.584,
      92.232,
      93.092,
      94.43
    ],
    "test_loss": [
      1.5256712478570664,
      1.285058308714114,
      1.0845279627905104,
      0.9976298899505847,
      0.9906890420867993,
      1.0670426170856426,
      1.0887041637501396,
      1.1379305052871522,
      1.3737447028533338,
      1.4080967672716695,
      1.6303285814512272,
      1.832278398279184,
      1.7870669383972217,
      1.9869738362086848,
      2.0478461551399656
    ],
    "test_acc": [
      43.1,
      53.7,
      61.3,
      65.41,
      67.21,
      67.2,
      67.21,
      66.68,
      66.0,
      66.83,
      66.29,
      65.69,
      66.75,
      66.13,
      65.73
    ]
  }
}