{
  "config": {
    "run_name": "exp1_3",
    "out_dir": "./results",
    "seed": 884571413,
    "device": null,
    "bs_train": 128,
    "bs_test": 32,
    "batches": 100,
    "epochs": 100,
    "early_stopping": 10,
    "checkpoints": null,
    "lr": 0.001,
    "reg": 0.001,
    "filters_per_layer": [
      64,
      128
    ],
    "pool_every": 3,
    "hidden_dims": [
      500,
      500
    ],
    "model_type": "cnn",
    "activation_type": "relu",
    "activation_params": {},
    "pooling_type": "max",
    "pooling_params": {
      "kernel_size": 2
    },
    "batchnorm": true,
    "bottleneck": false,
    "dropout": 0.1,
    "kw": {},
    "layers_per_block": 2
  },
  "results": {
    "num_epochs": 0,
    "train_loss": [
      1.5409650766026333,
      0.9914405504455956,
      0.7289075255393982,
      0.5306123953188777,
      0.39551713186151843,
      0.2761557986554892,
      0.18028805498271952,
      0.13451229170908022,
      0.09354437462737798,
      0.07651568375423055,
      0.05079644320942366,
      0.052721373105059616,
      0.050389284949244745,
      0.04007376508181081,
      0.043020190051941395
    ],
    "train_acc": [
      43.67,
      64.776,
      74.344,
      81.416,
      86.102,
      90.248,
      93.768,
      95.372,
      96.84,
      97.428,
      98.316,
      98.332,
      98.37,
      98.714,
      98.632
    ],
    "test_loss": [
      1.1442272139433474,
      0.9299899549149095,
      0.9048777550173263,
      1.0004392310072439,
      1.063531755353696,
      1.3747748814451808,
      1.7103530762675472,
      1.7637402027750169,
      2.031300397155384,
      1.903828522363029,
      2.1177851763396216,
      2.071636427610446,
      2.1438379159179357,
      2.253093571232531,
      2.1177364053627175
    ],
    "test_acc": [
      59.55,
      67.73,
      69.85,
      68.69,
      70.05,
      68.19,
      66.58,
      68.08,
      67.44,
      68.21,
      69.23,
      69.28,
      69.81,
      68.71,
      69.48
    ]
  }
}