{
  "config": {
    "run_name": "exp1_3",
    "out_dir": "./results",
    "seed": 798190048,
    "device": null,
    "bs_train": 128,
    "bs_test": 32,
    "batches": 100,
    "epochs": 100,
    "early_stopping": 10,
    "checkpoints": null,
    "lr": 0.001,
    "reg": 0.001,
    "filters_per_layer": [
      64,
      128
    ],
    "pool_every": 3,
    "hidden_dims": [
      500,
      500
    ],
    "model_type": "cnn",
    "activation_type": "relu",
    "activation_params": {},
    "pooling_type": "max",
    "pooling_params": {
      "kernel_size": 2
    },
    "batchnorm": true,
    "bottleneck": false,
    "dropout": 0.1,
    "kw": {},
    "layers_per_block": 3
  },
  "results": {
    "num_epochs": 0,
    "train_loss": [
      1.6980967829599405,
      1.1737896324423573,
      0.9060909094103157,
      0.730949579678533,
      0.5999123144637594,
      0.4815985212469345,
      0.3992529993548113,
      0.3375033120746198,
      0.27808596395775487,
      0.22546769674781644,
      0.1749273085361704,
      0.14663424138503764,
      0.11177050235116726,
      0.09673110055772925,
      0.09262169783939715,
      0.07853053619994609,
      0.06899846574086743,
      0.06820664136215587,
      0.0685444883454372,
      0.06248164386607592,
      0.06319090775916796,
      0.06293389195328593,
      0.05536836859903506,
      0.05737258881852126,
      0.05554463435738536,
      0.05212556463821084,
      0.04924037823182009,
      0.04836509616264259,
      0.04545118890540755
    ],
    "train_acc": [
      37.094,
      57.554,
      67.65,
      74.316,
      78.864,
      83.056,
      85.834,
      87.978,
      90.26,
      92.032,
      93.984,
      94.912,
      96.144,
      96.756,
      96.93,
      97.31,
      97.634,
      97.796,
      97.748,
      97.954,
      97.992,
      97.982,
      98.164,
      98.062,
      98.188,
      98.354,
      98.428,
      98.41,
      98.506
    ],
    "test_loss": [
      1.3058260079389943,
      1.090184647054337,
      0.9371921968536255,
      0.8885717381494114,
      1.0096604174699266,
      1.0376719537253578,
      1.2501123145746347,
      1.4274004384542045,
      1.4662943238648363,
      1.7278911896026172,
      1.8388935326577756,
      1.9099948692816895,
      2.0253723336580083,
      2.049607972177073,
      1.969004782910545,
      2.193494814462936,
      2.139735138930452,
      2.1118003781230303,
      2.0636191602332143,
      2.102732435773356,
      2.3057215659382244,
      2.033500986358228,
      2.12749244115604,
      2.271155408681772,
      2.177398707443914,
      2.1374502793287697,
      2.291291214597111,
      2.3740527160441913,
      2.2976092276291347
    ],
    "test_acc": [
      52.17,
      62.43,
      68.17,
      70.18,
      67.84,
      70.71,
      69.4,
      68.09,
      68.47,
      67.94,
      68.06,
      70.44,
      70.44,
      69.87,
      71.21,
      70.1,
      70.61,
      69.92,
      71.22,
      70.77,
      69.61,
      70.86,
      69.55,
      70.79,
      70.0,
      69.92,
      70.05,
      70.47,
      70.72
    ]
  }
}