{
  "config": {
    "run_name": "exp1_4",
    "out_dir": "./results",
    "seed": 1703498130,
    "device": null,
    "bs_train": 128,
    "bs_test": 32,
    "batches": 100,
    "epochs": 100,
    "early_stopping": 10,
    "checkpoints": null,
    "lr": 0.001,
    "reg": 0.001,
    "filters_per_layer": [
      32
    ],
    "pool_every": 6,
    "hidden_dims": [
      500,
      500
    ],
    "model_type": "resnet",
    "activation_type": "relu",
    "activation_params": {},
    "pooling_type": "max",
    "pooling_params": {
      "kernel_size": 2
    },
    "batchnorm": true,
    "bottleneck": false,
    "dropout": 0.1,
    "kw": {},
    "layers_per_block": 8
  },
  "results": {
    "num_epochs": 0,
    "train_loss": [
      1.66785958173025,
      1.1616377937214455,
      0.9009091236707195,
      0.7184924174605123,
      0.5726640263329381,
      0.4552623407386453,
      0.3476189999362392,
      0.2706482855179121,
      0.22255729196016746,
      0.17561888206950235,
      0.13923673615659898,
      0.11433519191010987,
      0.10511184826760037
    ],
    "train_acc": [
      38.744,
      58.38,
      68.054,
      74.722,
      79.764,
      83.908,
      87.748,
      90.42,
      92.216,
      93.906,
      95.214,
      96.008,
      96.294
    ],
    "test_loss": [
      1.3407510781821352,
      1.0342021738759244,
      0.9732875656396055,
      1.050072551249696,
      1.1659567065703602,
      1.3586416973854407,
      1.4959263599718722,
      1.703169954280122,
      1.7520113295069137,
      2.1036625312159236,
      1.9300140502353826,
      2.084379982834045,
      2.1117958776867045
    ],
    "test_acc": [
      51.79,
      63.83,
      67.59,
      67.48,
      66.03,
      65.43,
      65.78,
      65.28,
      66.47,
      65.79,
      66.33,
      66.98,
      66.23
    ]
  }
}