{
  "config": {
    "run_name": "exp1_2",
    "out_dir": "./results",
    "seed": 1893908801,
    "device": null,
    "bs_train": 128,
    "bs_test": 32,
    "batches": 100,
    "epochs": 100,
    "early_stopping": 10,
    "checkpoints": null,
    "lr": 0.001,
    "reg": 0.001,
    "filters_per_layer": [
      128
    ],
    "pool_every": 3,
    "hidden_dims": [
      500,
      500
    ],
    "model_type": "cnn",
    "activation_type": "relu",
    "activation_params": {},
    "pooling_type": "max",
    "pooling_params": {
      "kernel_size": 2
    },
    "batchnorm": true,
    "bottleneck": false,
    "dropout": 0.1,
    "kw": {},
    "layers_per_block": 2
  },
  "results": {
    "num_epochs": 0,
    "train_loss": [
      1.883113856510738,
      1.5915804424554185,
      1.4774583190908213,
      1.3880399349705337,
      1.309838529438009,
      1.2200651366997253,
      1.119970481261573,
      1.0275436969059508,
      0.9423885536010917,
      0.8664236542818796,
      0.789914415620477,
      0.7164462318505778,
      0.6390083762233519,
      0.5836955823404405,
      0.5303809222815287,
      0.4420513945924657
    ],
    "train_acc": [
      31.386,
      42.508,
      46.586,
      50.332,
      53.196,
      56.488,
      60.302,
      63.8,
      66.594,
      69.446,
      72.41,
      75.006,
      77.65,
      79.608,
      81.33,
      84.542
    ],
    "test_loss": [
      1.7079968760950497,
      1.533664576542644,
      1.497811228703386,
      1.4597457717782774,
      1.46070627587291,
      1.4903245069348394,
      1.5013406158636173,
      1.5815034621058943,
      1.6776133071119412,
      1.830544558005592,
      1.9914920947041375,
      2.225890938085489,
      2.4840730630551664,
      2.7695419198027054,
      2.7711167556409255,
      3.0408803601615344
    ],
    "test_acc": [
      38.9,
      44.7,
      46.56,
      47.91,
      48.17,
      48.64,
      48.52,
      47.25,
      46.96,
      46.04,
      45.06,
      44.25,
      44.66,
      42.45,
      43.3,
      43.4
    ]
  }
}